<?xml version="1.0" encoding="utf-8" ?>
<dwsync>
<file name="fontawesome-webfont.eot" server="test12.in-net.cn" local="130967734540000000" remote="131048301000000000" Dst="0" />
<file name="fontawesome-webfont.svg" server="test12.in-net.cn" local="130967734540000000" remote="131048301000000000" Dst="0" />
<file name="fontawesome-webfont.woff" server="test12.in-net.cn" local="130967734540000000" remote="131048301000000000" Dst="0" />
<file name="fontawesome-webfont.ttf" server="test12.in-net.cn" local="130967734540000000" remote="131048301000000000" Dst="0" />
<file name="fontawesome-webfont.woff2" server="test12.in-net.cn" local="130967734540000000" remote="131048301000000000" Dst="0" />
<file name="FontAwesome.otf" server="test12.in-net.cn" local="130967734540000000" remote="131048301000000000" Dst="0" />
<file name="fontawesome-webfont.eot" server="test6.tydesign.cn" local="130967734540000000" remote="131055246600000000" Dst="0" />
<file name="fontawesome-webfont.svg" server="test6.tydesign.cn" local="130967734540000000" remote="131055246600000000" Dst="0" />
<file name="fontawesome-webfont.woff2" server="test6.tydesign.cn" local="130967734540000000" remote="131055246600000000" Dst="0" />
<file name="fontawesome-webfont.ttf" server="test6.tydesign.cn" local="130967734540000000" remote="131055246600000000" Dst="0" />
<file name="fontawesome-webfont.woff" server="test6.tydesign.cn" local="130967734540000000" remote="131055246600000000" Dst="0" />
<file name="FontAwesome.otf" server="test6.tydesign.cn" local="130967734540000000" remote="131055246600000000" Dst="0" />
</dwsync>