<?xml version="1.0" encoding="utf-8" ?>
<dwsync>
<file name="index.html" server="test6.tydesign.cn" local="131091562312883578" remote="131091562200000000" Dst="0" />
<file name="Live.html" server="test6.tydesign.cn" local="131090597312472872" remote="131090596800000000" Dst="0" />
<file name="LiveDetail.html" server="test6.tydesign.cn" local="131074314897468112" remote="131074314600000000" Dst="0" />
<file name="Video.html" server="test6.tydesign.cn" local="131074314896377395" remote="131074314600000000" Dst="0" />
<file name="VideoDetail.html" server="test6.tydesign.cn" local="131074314898638889" remote="131074314600000000" Dst="0" />
<file name="App.html" server="test6.tydesign.cn" local="131074314899239287" remote="131074314600000000" Dst="0" />
<file name="LiveDetail_1.html" server="test6.tydesign.cn" local="131074314896847720" remote="131074314600000000" Dst="0" />
<file name="EuroCup.html" server="test6.tydesign.cn" local="131090603793931048" remote="131090603400000000" Dst="0" />
</dwsync>