<?xml version="1.0" encoding="utf-8" ?>
<dwsync>
<file name="base.css" server="www.fdemaison.com/wwwroot/wap/" local="130577272140000000" remote="130583290200000000" Dst="0" />
<file name="style.css" server="www.fdemaison.com/wwwroot/wap/" local="130588717430810892" remote="130588712400000000" Dst="0" />
<file name="base.css" server="203.191.147.61/wap/" local="130615500000000000" remote="130615500000000000" Dst="0" />
<file name="style.css" server="203.191.147.61/wap/" local="130615500000000000" remote="130615500000000000" Dst="0" />
<file name="base.css" server="www.ormcoforum.com/wap/" local="130621473132639225" remote="130621473600000000" Dst="0" />
<file name="style.css" server="www.ormcoforum.com/wap/" local="130625813686307350" remote="130625814000000000" Dst="0" />
<file name="base.css" server="test2.tydesign.cn" local="131024981242934217" remote="130999778400000000" Dst="0" />
<file name="style.css" server="test2.tydesign.cn" local="131024981341782365" remote="130999778400000000" Dst="0" />
<file name="base.css" server="test9.tydesign.cn" local="130755491163786460" remote="130842495000000000" Dst="0" />
<file name="style.css" server="test9.tydesign.cn" local="130843573525877982" remote="130843573200000000" Dst="0" />
<file name="base.css" server="www.venustrain.com/wwwroot/m/" local="130755491163786460" remote="130843540800000000" Dst="0" />
<file name="style.css" server="www.venustrain.com/wwwroot/m/" local="130852194544617393" remote="130851965400000000" Dst="0" />
<file name="base.css" server="www.venustrain.com/wwwroot/mobile/" local="130863247526949285" remote="130863247800000000" Dst="0" />
<file name="style.css" server="www.venustrain.com/wwwroot/mobile/" local="130866922602840788" remote="130866922800000000" Dst="0" />
<file name="base.css" server="103.51.144.240/wwwroot/" local="130867602279873809" remote="130867602000000000" Dst="0" />
<file name="style.css" server="103.51.144.240/wwwroot/" local="130867794694587585" remote="130867794600000000" Dst="0" />
<file name="base.css" server="www.trustincapital.cn/wwwroot/" local="130879679215198460" remote="130879679400000000" Dst="0" />
<file name="style.css" server="www.trustincapital.cn/wwwroot/" local="130879675761090980" remote="130879676400000000" Dst="0" />
<file name="base.css" server="test12.in-net.cn" local="131054240285018325" remote="131054239800000000" Dst="0" />
<file name="style.css" server="test12.in-net.cn" local="131054409250421309" remote="131054409000000000" Dst="0" />
<file name="swiper.min.css" server="test12.in-net.cn" local="131049154377197195" remote="131049154800000000" Dst="0" />
<file name="swiper.min.css" server="test2.tydesign.cn" local="131024981167090491" remote="130999778400000000" Dst="0" />
<file name="normalize.css" server="test12.in-net.cn" local="131048350162265928" remote="131048350200000000" Dst="0" />
<file name="font-awesome.min.css" server="test12.in-net.cn" local="130967734560000000" remote="131048301000000000" Dst="0" />
<file name="font-awesome.min.css" server="test6.tydesign.cn" local="131074314313665250" remote="131074320000000000" Dst="0" />
<file name="normalize.css" server="test6.tydesign.cn" local="131055246847055202" remote="131055246600000000" Dst="0" />
<file name="base.css" server="test6.tydesign.cn" local="131055246847045186" remote="131055246600000000" Dst="0" />
<file name="swiper.min.css" server="test6.tydesign.cn" local="131074320119563304" remote="131074320000000000" Dst="0" />
<file name="style.css" server="test6.tydesign.cn" local="131090604779472191" remote="131090604600000000" Dst="0" />
<file name="jquery.fancybox-1.3.4.css" server="test6.tydesign.cn" local="130293795439413072" remote="131055277200000000" Dst="0" />
<file name="fancymoves.css" server="test6.tydesign.cn" local="131069739310806502" remote="131069739000000000" Dst="0" />
</dwsync>