<?xml version="1.0" encoding="utf-8" ?>
<dwsync>
<file name="jquery.js" server="test2.tydesign.cn" local="131024981225919976" remote="130999778400000000" Dst="0" />
<file name="jquery.js" server="test9.tydesign.cn" local="130752794818979322" remote="130842495000000000" Dst="0" />
<file name="jquery.js" server="www.venustrain.com/wwwroot/m/" local="130849422331494923" remote="130849422000000000" Dst="0" />
<file name="jquery.js" server="www.venustrain.com/wwwroot/mobile/" local="130861765263121071" remote="130861765200000000" Dst="0" />
<file name="jquery.js" server="103.51.144.240/wwwroot/" local="130867602366881596" remote="130867602000000000" Dst="0" />
<file name="jquery.js" server="www.trustincapital.cn/wwwroot/" local="130867602366881596" remote="130874575800000000" Dst="0" />
<file name="jquery.js" server="test12.in-net.cn" local="131050876964422945" remote="131050876800000000" Dst="0" />
<file name="swiper.min.js" server="test12.in-net.cn" local="131024981173834970" remote="131048349000000000" Dst="0" />
<file name="swiper.min.js" server="test2.tydesign.cn" local="131024981173834970" remote="130999778400000000" Dst="0" />
<file name="jquery.lazyload.js" server="test12.in-net.cn" local="131050792165786056" remote="131050792800000000" Dst="0" />
<file name="common.js" server="test12.in-net.cn" local="131054185264357233" remote="131054185200000000" Dst="0" />
<file name="jquery.js" server="test6.tydesign.cn" local="131055278669866575" remote="131055278400000000" Dst="0" />
<file name="common.js" server="test6.tydesign.cn" local="131055263433067319" remote="131055264000000000" Dst="0" />
<file name="jquery.lazyload.js" server="test6.tydesign.cn" local="131055246851738297" remote="131055246600000000" Dst="0" />
<file name="swiper.min.js" server="test6.tydesign.cn" local="131024981173834970" remote="131055259200000000" Dst="0" />
<file name="slider.js" server="test6.tydesign.cn" local="130293794982816956" remote="131055277200000000" Dst="0" />
<file name="lanrenzhijia.js" server="test6.tydesign.cn" local="131061219282644769" remote="131061219000000000" Dst="0" />
<file name="jquery.mousewheel-3.0.4.pack.js" server="test6.tydesign.cn" local="129529196400000000" remote="131055277200000000" Dst="0" />
<file name="jquery.fancybox-1.3.4.pack.js" server="test6.tydesign.cn" local="129529196400000000" remote="131055277200000000" Dst="0" />
<file name="jquery.mousewheel.js" server="test6.tydesign.cn" local="131030028379667605" remote="131061276600000000" Dst="0" />
<file name="jquery.jscrollpane.min.js" server="test6.tydesign.cn" local="131030028411506393" remote="131061276600000000" Dst="0" />
<file name="scroll-startstop.events.jquery.js" server="test6.tydesign.cn" local="131030028432467692" remote="131061276600000000" Dst="0" />
<file name="jquery.slider.js" server="test6.tydesign.cn" local="130861765262280514" remote="131074322400000000" Dst="0" />
</dwsync>