<?xml version="1.0" encoding="utf-8" ?>
<dwsync>
<file name="logo.svg" server="test6.tydesign.cn" local="131055244863739487" remote="131055250800000000" Dst="0" />
<file name="b_1.jpg" server="test6.tydesign.cn" local="131055230503080459" remote="131055258600000000" Dst="0" />
<file name="b_2.jpg" server="test6.tydesign.cn" local="131055230526967699" remote="131055258600000000" Dst="0" />
<file name="b_3.jpg" server="test6.tydesign.cn" local="131055230447381842" remote="131055258600000000" Dst="0" />
<file name="index_title_1.png" server="test6.tydesign.cn" local="131055260323382688" remote="131055260400000000" Dst="0" />
<file name="index_title_2.png" server="test6.tydesign.cn" local="131055262717502618" remote="131055262800000000" Dst="0" />
<file name="1.png" server="test6.tydesign.cn" local="131055262304593383" remote="131055265800000000" Dst="0" />
<file name="2.png" server="test6.tydesign.cn" local="131055262112677932" remote="131055265800000000" Dst="0" />
<file name="3.png" server="test6.tydesign.cn" local="131055262430231721" remote="131055265800000000" Dst="0" />
<file name="4.png" server="test6.tydesign.cn" local="131079289282126288" remote="131079289800000000" Dst="0" />
<file name="arrows.png" server="test6.tydesign.cn" local="131069737918911374" remote="131069737800000000" Dst="0" />
<file name="loading.gif" server="test6.tydesign.cn" local="131054274440551898" remote="131055309000000000" Dst="0" />
<file name="index_title_3.png" server="test6.tydesign.cn" local="131055313566336043" remote="131055313200000000" Dst="0" />
<file name="1.jpg" server="test6.tydesign.cn" local="131055314880701974" remote="131055315600000000" Dst="0" />
<file name="2.jpg" server="test6.tydesign.cn" local="131055316794272798" remote="131055317400000000" Dst="0" />
<file name="3.jpg" server="test6.tydesign.cn" local="131055317025763671" remote="131055317400000000" Dst="0" />
<file name="5.png" server="test6.tydesign.cn" local="131079289752389684" remote="131079289800000000" Dst="0" />
<file name="6.png" server="test6.tydesign.cn" local="131079289613491174" remote="131079289800000000" Dst="0" />
<file name="4.jpg" server="test6.tydesign.cn" local="131055345781671120" remote="131055351600000000" Dst="0" />
<file name="5.jpg" server="test6.tydesign.cn" local="131055347117059952" remote="131055352800000000" Dst="0" />
<file name="6.jpg" server="test6.tydesign.cn" local="131055347473137681" remote="131055352800000000" Dst="0" />
<file name="7.jpg" server="test6.tydesign.cn" local="131055347787995870" remote="131055352800000000" Dst="0" />
<file name="8.jpg" server="test6.tydesign.cn" local="131055348447970246" remote="131055352800000000" Dst="0" />
<file name="9.jpg" server="test6.tydesign.cn" local="131055349667301685" remote="131055352800000000" Dst="0" />
<file name="10.jpg" server="test6.tydesign.cn" local="131055350079933770" remote="131055352800000000" Dst="0" />
<file name="11.jpg" server="test6.tydesign.cn" local="131055354594235400" remote="131055355200000000" Dst="0" />
<file name="12.jpg" server="test6.tydesign.cn" local="131055371526160959" remote="131055371400000000" Dst="0" />
<file name="13.jpg" server="test6.tydesign.cn" local="130852155536957021" remote="131055377400000000" Dst="0" />
<file name="15.jpg" server="test6.tydesign.cn" local="130852155537007052" remote="131055377400000000" Dst="0" />
<file name="14.jpg" server="test6.tydesign.cn" local="130852155536977034" remote="131055377400000000" Dst="0" />
<file name="16.jpg" server="test6.tydesign.cn" local="130852155537017065" remote="131055377400000000" Dst="0" />
<file name="17.jpg" server="test6.tydesign.cn" local="130852155537037078" remote="131055377400000000" Dst="0" />
<file name="18.jpg" server="test6.tydesign.cn" local="130852155536786910" remote="131055377400000000" Dst="0" />
<file name="19.jpg" server="test6.tydesign.cn" local="131055380054394138" remote="131055383400000000" Dst="0" />
<file name="20.jpg" server="test6.tydesign.cn" local="131061140602155267" remote="131061141000000000" Dst="0" />
<file name="21.jpg" server="test6.tydesign.cn" local="131061140575847080" remote="131061141000000000" Dst="0" />
<file name="22.jpg" server="test6.tydesign.cn" local="131061140556040302" remote="131061141000000000" Dst="0" />
<file name="app.jpg" server="test6.tydesign.cn" local="131061180796304728" remote="131061180600000000" Dst="0" />
<file name="a_down.png" server="test6.tydesign.cn" local="131061236952891040" remote="131061237600000000" Dst="0" />
<file name="a_up.png" server="test6.tydesign.cn" local="131061237083647678" remote="131061237600000000" Dst="0" />
<file name="b_4.jpg" server="test6.tydesign.cn" local="131090588543588294" remote="131090588400000000" Dst="0" />
<file name="logo.png" server="test6.tydesign.cn" local="131090589295271611" remote="131090589000000000" Dst="0" />
<file name="23.jpg" server="test6.tydesign.cn" local="131090595422203546" remote="131090595600000000" Dst="0" />
<file name="24.jpg" server="test6.tydesign.cn" local="131090595888000502" remote="131090596800000000" Dst="0" />
<file name="25.jpg" server="test6.tydesign.cn" local="131090597928576801" remote="131090598000000000" Dst="0" />
<file name="26.jpg" server="test6.tydesign.cn" local="131091521632451373" remote="131091522000000000" Dst="0" />
<file name="27.jpg" server="test6.tydesign.cn" local="131090602529744573" remote="131090602800000000" Dst="0" />
<file name="28.jpg" server="test6.tydesign.cn" local="131090600379406932" remote="131090602200000000" Dst="0" />
</dwsync>